address,url,zipcode
1 Dubois Ct,/p/ny/sea-cliff/1-dubois-ct-sea-cliff-ny-11579--2010439443,11579
136 8th Ave,/p/ny/sea-cliff/136-8th-ave-sea-cliff-ny-11579--2010439124,11579
29 Clinton St,/p/ny/sea-cliff/29-clinton-st-sea-cliff-ny-11579--2010439770,11579
34 8th Ave,/p/ny/sea-cliff/34-8th-ave-sea-cliff-ny-11579--2158780412,11579
17 Club Rd,/p/ny/sea-cliff/17-club-rd-sea-cliff-ny-11579--2010439345,11579
290 Prospect Ave,/p/ny/sea-cliff/290-prospect-ave-sea-cliff-ny-11579--2010439752,11579
371 Carpenter Ave,/p/ny/sea-cliff/371-carpenter-ave-sea-cliff-ny-11579--2010439995,11579
26 Cross St,/p/ny/sea-cliff/26-cross-st-sea-cliff-ny-11579--2010439687,11579
315 Littleworth Ln,/p/ny/sea-cliff/315-littleworth-ln-sea-cliff-ny-11579--2010439850,11579
8 Ransom Ave,/p/ny/sea-cliff/8-ransom-ave-sea-cliff-ny-11579--2010440667,11579
337 Prospect Ave,/p/ny/sea-cliff/337-prospect-ave-sea-cliff-ny-11579--2010439918,11579
152 Dayton St,/p/ny/sea-cliff/152-dayton-st-sea-cliff-ny-11579--2010439207,11579
318 Littleworth Ln,/p/ny/sea-cliff/318-littleworth-ln-sea-cliff-ny-11579--2010439857,11579
16 Downing Ave,/p/ny/sea-cliff/16-downing-ave-sea-cliff-ny-11579--2010439300,11579
239 8th Ave,/p/ny/sea-cliff/239-8th-ave-sea-cliff-ny-11579--2010439591,11579
24 Cross St,/p/ny/sea-cliff/24-cross-st-sea-cliff-ny-11579--2010439634,11579
40 Roslyn Ave,/p/ny/sea-cliff/40-roslyn-ave-sea-cliff-ny-11579--2010440100,11579
121 15th Ave,/p/ny/sea-cliff/121-15th-ave-sea-cliff-ny-11579--2010439035,11579
300 Prospect Ave,/p/ny/sea-cliff/300-prospect-ave-sea-cliff-ny-11579--1104219051,11579
267 Franklin Ave,/p/ny/sea-cliff/267-franklin-ave-sea-cliff-ny-11579--2010439677,11579
209 Maple Ave,/p/ny/sea-cliff/209-maple-ave-sea-cliff-ny-11579--2010439491,11579
112 Downing Ave,/p/ny/sea-cliff/112-downing-ave-sea-cliff-ny-11579--2010438961,11579
56 Maple Ave,/p/ny/sea-cliff/56-maple-ave-sea-cliff-ny-11579--2010440292,11579
368 Glen Ave,/p/ny/sea-cliff/368-glen-ave-sea-cliff-ny-11579--1004555844,11579
93 Glen Ave,/p/ny/sea-cliff/93-glen-ave-sea-cliff-ny-11579--2010440692,11579
210 Downing Ave,/p/ny/sea-cliff/210-downing-ave-sea-cliff-ny-11579--2010439510,11579
137 Carpenter Ave,/p/ny/sea-cliff/137-carpenter-ave-sea-cliff-ny-11579--2010439128,11579
6 Circle Way,/p/ny/sea-cliff/6-circle-way-sea-cliff-ny-11579--2010440443,11579
20 Downing Ave,/p/ny/sea-cliff/20-downing-ave-sea-cliff-ny-11579--1150644054,11579
address,url,zipcode
1 Dubois Ct,/p/ny/sea-cliff/1-dubois-ct-sea-cliff-ny-11579--2010439443,11579
136 8th Ave,/p/ny/sea-cliff/136-8th-ave-sea-cliff-ny-11579--2010439124,11579
29 Clinton St,/p/ny/sea-cliff/29-clinton-st-sea-cliff-ny-11579--2010439770,11579
34 8th Ave,/p/ny/sea-cliff/34-8th-ave-sea-cliff-ny-11579--2158780412,11579
17 Club Rd,/p/ny/sea-cliff/17-club-rd-sea-cliff-ny-11579--2010439345,11579
290 Prospect Ave,/p/ny/sea-cliff/290-prospect-ave-sea-cliff-ny-11579--2010439752,11579
371 Carpenter Ave,/p/ny/sea-cliff/371-carpenter-ave-sea-cliff-ny-11579--2010439995,11579
26 Cross St,/p/ny/sea-cliff/26-cross-st-sea-cliff-ny-11579--2010439687,11579
315 Littleworth Ln,/p/ny/sea-cliff/315-littleworth-ln-sea-cliff-ny-11579--2010439850,11579
8 Ransom Ave,/p/ny/sea-cliff/8-ransom-ave-sea-cliff-ny-11579--2010440667,11579
337 Prospect Ave,/p/ny/sea-cliff/337-prospect-ave-sea-cliff-ny-11579--2010439918,11579
152 Dayton St,/p/ny/sea-cliff/152-dayton-st-sea-cliff-ny-11579--2010439207,11579
318 Littleworth Ln,/p/ny/sea-cliff/318-littleworth-ln-sea-cliff-ny-11579--2010439857,11579
16 Downing Ave,/p/ny/sea-cliff/16-downing-ave-sea-cliff-ny-11579--2010439300,11579
239 8th Ave,/p/ny/sea-cliff/239-8th-ave-sea-cliff-ny-11579--2010439591,11579
24 Cross St,/p/ny/sea-cliff/24-cross-st-sea-cliff-ny-11579--2010439634,11579
40 Roslyn Ave,/p/ny/sea-cliff/40-roslyn-ave-sea-cliff-ny-11579--2010440100,11579
121 15th Ave,/p/ny/sea-cliff/121-15th-ave-sea-cliff-ny-11579--2010439035,11579
300 Prospect Ave,/p/ny/sea-cliff/300-prospect-ave-sea-cliff-ny-11579--1104219051,11579
267 Franklin Ave,/p/ny/sea-cliff/267-franklin-ave-sea-cliff-ny-11579--2010439677,11579
209 Maple Ave,/p/ny/sea-cliff/209-maple-ave-sea-cliff-ny-11579--2010439491,11579
112 Downing Ave,/p/ny/sea-cliff/112-downing-ave-sea-cliff-ny-11579--2010438961,11579
56 Maple Ave,/p/ny/sea-cliff/56-maple-ave-sea-cliff-ny-11579--2010440292,11579
368 Glen Ave,/p/ny/sea-cliff/368-glen-ave-sea-cliff-ny-11579--1004555844,11579
93 Glen Ave,/p/ny/sea-cliff/93-glen-ave-sea-cliff-ny-11579--2010440692,11579
210 Downing Ave,/p/ny/sea-cliff/210-downing-ave-sea-cliff-ny-11579--2010439510,11579
137 Carpenter Ave,/p/ny/sea-cliff/137-carpenter-ave-sea-cliff-ny-11579--2010439128,11579
6 Circle Way,/p/ny/sea-cliff/6-circle-way-sea-cliff-ny-11579--2010440443,11579
20 Downing Ave,/p/ny/sea-cliff/20-downing-ave-sea-cliff-ny-11579--1150644054,11579
